repeat,model,cv_auroc_mean,cv_auroc_sd
0,Scorecard (3 bins),0.9070782979858609,0.02426958259753212
0,Argmax control (4 bins),0.9041621315192746,0.02271287911947028
0,Raw LR,0.890610777644391,0.018466430500734474
0,XGBoost (defaults),0.8823235961051086,0.01708500743510011
0,CatBoost (defaults),0.9014028277977857,0.023391904743957474
0,Random Forest (defaults),0.8956684673869549,0.022600842332839124
1,Scorecard (3 bins),0.9094913965586235,0.02797831405074562
1,Argmax control (4 bins),0.9153081232492998,0.03257060923064864
1,Raw LR,0.8966910764305723,0.03193298190692306
1,XGBoost (defaults),0.8837900493530746,0.028989775000864925
1,CatBoost (defaults),0.9146522609043617,0.03218732154079604
1,Random Forest (defaults),0.8973617446978792,0.029772366969136755
2,Scorecard (3 bins),0.9070223422702414,0.019596753033048926
2,Argmax control (4 bins),0.9160341469921303,0.011590967143879385
2,Raw LR,0.8910502867813792,0.016944537219379403
2,XGBoost (defaults),0.8935021341870082,0.012732435601653328
2,CatBoost (defaults),0.9020097372282245,0.020175820247214774
2,Random Forest (defaults),0.8981289182339603,0.020309275237368814
3,Scorecard (3 bins),0.9011374549819926,0.017543399437868944
3,Argmax control (4 bins),0.9020474189675871,0.020655561793103062
3,Raw LR,0.8940584233693476,0.038623676038798016
3,XGBoost (defaults),0.8852807122849139,0.030114039985507712
3,CatBoost (defaults),0.8986782713085233,0.033778047108837105
3,Random Forest (defaults),0.8936639322395624,0.04631722471690754
4,Scorecard (3 bins),0.9056608643457384,0.03462522885344566
4,Argmax control (4 bins),0.9142998532746432,0.03929018030752385
4,Raw LR,0.8945279445111376,0.045814270228685616
4,XGBoost (defaults),0.8845296118447379,0.04764650061847885
4,CatBoost (defaults),0.9000200080032013,0.041247113077861754
4,Random Forest (defaults),0.9033937575030013,0.04652293819921749
5,Scorecard (3 bins),0.9006463251967454,0.03348940912678715
5,Argmax control (4 bins),0.9113684807256236,0.03620491052726851
5,Raw LR,0.8926437241563292,0.04039422661425815
5,XGBoost (defaults),0.880043884220355,0.04062979326444211
5,CatBoost (defaults),0.9045359477124183,0.028534835068246084
5,Random Forest (defaults),0.9007365612911832,0.031355470301882626
6,Scorecard (3 bins),0.9099098305989062,0.034288451340780374
6,Argmax control (4 bins),0.9155333466720019,0.0334874263643823
6,Raw LR,0.8954615179405095,0.04015948057644458
6,XGBoost (defaults),0.8828520741629985,0.056817122504833194
6,CatBoost (defaults),0.8993031879418434,0.055176292769906606
6,Random Forest (defaults),0.8985740296118447,0.05842704312587606
7,Scorecard (3 bins),0.9050258103241298,0.03097596671221073
7,Argmax control (4 bins),0.9137725090036015,0.03834974818855113
7,Raw LR,0.8949050286781379,0.02361292817036998
7,XGBoost (defaults),0.8822868480725624,0.047199150879957685
7,CatBoost (defaults),0.897030945711618,0.03445462185785635
7,Random Forest (defaults),0.8931173802854475,0.04740918226141363
8,Scorecard (3 bins),0.9106109777244231,0.04959361552012759
8,Argmax control (4 bins),0.9141657996531947,0.03898158310470587
8,Raw LR,0.8976680005335467,0.031634242403975554
8,XGBoost (defaults),0.8868283313325328,0.0341929123380959
8,CatBoost (defaults),0.906125650260104,0.04130139910803621
8,Random Forest (defaults),0.8969100973722822,0.041078232807561094
9,Scorecard (3 bins),0.9069783246631987,0.04871504940174539
9,Argmax control (4 bins),0.9095426837401627,0.05341627637281973
9,Raw LR,0.892954781912765,0.05728881923739717
9,XGBoost (defaults),0.8778554755235428,0.056875419478719866
9,CatBoost (defaults),0.8989427771108444,0.051168298717851925
9,Random Forest (defaults),0.8956022408963585,0.054405954639349156
10,Scorecard (3 bins),0.9095036681339203,0.038320503320654155
10,Argmax control (4 bins),0.9121280512204881,0.039035724472872936
10,Raw LR,0.8995179405095373,0.04450684504283636
10,XGBoost (defaults),0.8841691343203948,0.03894881870373748
10,CatBoost (defaults),0.9040837668400693,0.044059547476140354
10,Random Forest (defaults),0.900154328398026,0.04933952063611706
11,Scorecard (3 bins),0.9045978391356544,0.015620533010216823
11,Argmax control (4 bins),0.913861678004535,0.01502561407529223
11,Raw LR,0.8908197945845006,0.017455456202992103
11,XGBoost (defaults),0.8781995464852607,0.025467176732025587
11,CatBoost (defaults),0.8976649326397226,0.026597089685048175
11,Random Forest (defaults),0.889906429238362,0.03162929814307781
12,Scorecard (3 bins),0.9024679205015339,0.038341716223449465
12,Argmax control (4 bins),0.9069939975990395,0.03637937971456919
12,Raw LR,0.8896765372815792,0.04151408577199635
12,XGBoost (defaults),0.8812314259036949,0.03692882269481516
12,CatBoost (defaults),0.8990105375483527,0.03805380846582909
12,Random Forest (defaults),0.8972093504068294,0.030438708129392446
13,Scorecard (3 bins),0.9010543550753635,0.02610978899294854
13,Argmax control (4 bins),0.9044616513271976,0.019895581151418613
13,Raw LR,0.892205282112845,0.04193491752641292
13,XGBoost (defaults),0.8682114845938376,0.0386641823668926
13,CatBoost (defaults),0.8866531946111778,0.03260335871400395
13,Random Forest (defaults),0.8835232092837135,0.03167415392487562
14,Scorecard (3 bins),0.9050724289715886,0.029175717883275686
14,Argmax control (4 bins),0.9083005202080832,0.040043988823020675
14,Raw LR,0.8929791916766707,0.04730719653663215
14,XGBoost (defaults),0.8756813392023476,0.031428947919470866
14,CatBoost (defaults),0.8947256235827663,0.021071779033915047
14,Random Forest (defaults),0.8898102574363079,0.026766585468982435
15,Scorecard (3 bins),0.9040120048019208,0.019311668132255086
15,Argmax control (4 bins),0.910593037214886,0.02988387723685781
15,Raw LR,0.897124716553288,0.025109283783461507
15,XGBoost (defaults),0.8887868480725624,0.013928110643854649
15,CatBoost (defaults),0.900798319327731,0.01063266195584198
15,Random Forest (defaults),0.9011523275977058,0.013812850568338943
16,Scorecard (3 bins),0.9076719354408429,0.036169362373324215
16,Argmax control (4 bins),0.9120584900626918,0.03873218634561523
16,Raw LR,0.8975798319327731,0.046962784444895836
16,XGBoost (defaults),0.8760066026410565,0.052592515738483364
16,CatBoost (defaults),0.9038674136321194,0.04982179325044567
16,Random Forest (defaults),0.8955828998265973,0.05582780677748489
17,Scorecard (3 bins),0.910485994397759,0.047393782913957905
17,Argmax control (4 bins),0.9099824596505268,0.04689334977167755
17,Raw LR,0.8910971055088701,0.03437406009346645
17,XGBoost (defaults),0.8776237161531277,0.0520259519214534
17,CatBoost (defaults),0.8997308256635987,0.04761171371619606
17,Random Forest (defaults),0.8867003468053888,0.042221258350154084
18,Scorecard (3 bins),0.9059315059357076,0.04879953229389634
18,Argmax control (4 bins),0.9093992930505536,0.04332196910584481
18,Raw LR,0.8897420301453914,0.05077537222023888
18,XGBoost (defaults),0.8912883820194744,0.05338251392997469
18,CatBoost (defaults),0.8965212751767375,0.047610229164814374
18,Random Forest (defaults),0.8929300386821396,0.05375660869860458
19,Scorecard (3 bins),0.903655862344938,0.021002796954866954
19,Argmax control (4 bins),0.9089807923169267,0.020021295744260616
19,Raw LR,0.8938384687208216,0.02317133323016702
19,XGBoost (defaults),0.8817560357476324,0.03719983238537618
19,CatBoost (defaults),0.8955302120848339,0.03247173983573566
19,Random Forest (defaults),0.8942036147792451,0.023171517386428107
